epoch_num,batch_num,avg_train_loss,train_acc,avg_val_loss,val_acc
1,10,14.307991099357604,0.15,12.288819763183593,0.1634
1,20,7.181154274940491,0.15625,5.479428240966797,0.117
1,30,4.78665144443512,0.125,3.5509879764556884,0.1762
1,40,3.6151476383209227,0.175,2.661746121406555,0.1932
1,50,2.3358814477920533,0.2625,1.8557704252243041,0.2494
1,60,1.8344624102115632,0.3,1.206779133796692,0.3176
1,70,1.060211730003357,0.36875,1.2176983404159545,0.2718
1,80,0.8735709756612777,0.35,0.7678050562858582,0.3994
1,90,0.9210248619318009,0.4125,0.6131224272251129,0.457
1,100,0.5321871891617775,0.53125,0.5196060114145279,0.5652
1,110,0.5255621492862701,0.525,0.6087682527065277,0.4546
1,120,0.571695339679718,0.5375,0.9270326342582703,0.339
1,130,0.5749637663364411,0.5375,0.7811019784927368,0.347
1,140,0.5144518405199051,0.56875,0.6534620198726654,0.3822
1,150,0.47306291460990907,0.56875,0.33405816066265104,0.6646
1,160,0.43589471876621244,0.625,0.316132701587677,0.6666
1,170,0.6172445587813854,0.55625,0.3625535771846771,0.5836
1,180,0.2888306349515915,0.675,0.3179784759044647,0.6216
1,190,0.33334521055221555,0.6,0.5532165177345276,0.4282
1,200,0.38485141694545744,0.5625,0.669174658203125,0.332
1,210,0.46585709154605864,0.6125,0.39201701970100405,0.538
1,220,0.35693475008010866,0.6375,0.36668075823783874,0.5696
1,230,0.34822790175676344,0.65625,0.23449726279973984,0.7602
1,240,0.177042842656374,0.80625,0.22710968911647797,0.748
1,250,0.24159408435225488,0.79375,0.23046751065254212,0.726
1,260,0.2795561894774437,0.725,0.28784520280361175,0.7378
1,270,0.27372040301561357,0.725,0.26207598974704743,0.757
1,280,0.30537208914756775,0.68125,0.24589556488990783,0.7012
1,290,0.2419344149529934,0.73125,0.29686834659576417,0.6318
1,300,0.3053022652864456,0.65,0.2858305709600449,0.6414
1,310,0.3387156069278717,0.6875,0.4992662474155426,0.4468
1,320,0.34945950508117674,0.6625,0.1942651420712471,0.7938
1,330,0.3061228334903717,0.7,0.18859907538890838,0.8008
1,340,0.15868525430560113,0.875,0.18699428845643998,0.8082
1,350,0.1708679497241974,0.84375,0.1888450979232788,0.807
1,360,0.19871435165405274,0.78125,0.17233625832796096,0.8142
1,370,0.2279122769832611,0.73125,0.16899043810367584,0.812
1,380,0.2434188261628151,0.74375,0.1791503220796585,0.7854
1,390,0.17331115752458573,0.75625,0.18208708822727204,0.7792
1,400,0.2136722281575203,0.7625,0.16932991129159927,0.8102
1,410,0.20339683592319488,0.76875,0.2026191523194313,0.7492
1,420,0.18541623130440713,0.81875,0.1572317375898361,0.826
1,430,0.16011105552315713,0.8125,0.14879908954501153,0.8458
1,440,0.1633366860449314,0.79375,0.14483759229183196,0.8482
1,450,0.1426829181611538,0.84375,0.1437642710149288,0.8546
1,460,0.22133822441101075,0.775,0.1770479649722576,0.8196
1,470,0.12172696851193905,0.85625,0.15871150723695754,0.8044
1,480,0.15454936698079108,0.825,0.15392144716382028,0.8396
1,490,0.17370779290795327,0.8125,0.127857728934288,0.867
1,500,0.16519056782126426,0.8125,0.1527332429766655,0.806
1,510,0.12143660597503185,0.86875,0.13228182661533355,0.8642
1,520,0.11437008902430534,0.85625,0.155062889200449,0.8422
1,530,0.15398588590323925,0.8625,0.12297782766819,0.8632
1,540,0.1804111398756504,0.81875,0.29203258938789367,0.6224
1,550,0.18134493455290795,0.775,0.12021611069440842,0.8702
1,560,0.12776801735162735,0.86875,0.12427035211920738,0.8522
1,570,0.1523414570838213,0.83125,0.14998607677221298,0.8452
1,580,0.1531030774116516,0.8,0.29665540466308593,0.6818
1,590,0.17682502828538418,0.80625,0.17042481991052627,0.7826
1,600,0.11394336596131324,0.8625,0.16259835388660432,0.8278
1,610,0.1412479966878891,0.80625,0.11248826230764389,0.8792
1,620,0.14937114864587783,0.81875,0.1700673014998436,0.785
1,630,0.13022962883114814,0.8875,0.14339509767889977,0.8484
1,640,0.19100196808576583,0.79375,0.15049223780632018,0.8106
1,650,0.11627596765756607,0.8625,0.11820420775413513,0.8762
1,660,0.12309284918010235,0.83125,0.15257614508271217,0.837
1,670,0.15590227469801904,0.825,0.11673700358271599,0.8598
1,680,0.22342706248164176,0.7125,0.12284608376026153,0.8526
1,690,0.2086042806506157,0.70625,0.306107803106308,0.6718
1,700,0.2236071951687336,0.74375,0.17015230756998062,0.7828
1,710,0.17343138493597507,0.76875,0.1644701694726944,0.7886
1,720,0.17355690747499466,0.75,0.2184047243952751,0.7622
1,730,0.17759712412953377,0.78125,0.11625286806225776,0.875
1,740,0.13209086209535598,0.8625,0.10699732393026352,0.8782
1,750,0.15373726636171342,0.81875,0.37605750197172166,0.6114
1,760,0.31590325981378553,0.65,0.15506954698562622,0.8044
1,770,0.18299506194889545,0.74375,0.18116760506629945,0.763
1,780,0.254756248742342,0.7,0.2421487773180008,0.7328
1,790,0.2584070712327957,0.69375,0.13689029050469398,0.8546
1,800,0.13775129839777947,0.825,0.18096457893252374,0.7636
1,810,0.1517786279320717,0.78125,0.11387763675451279,0.8798
1,820,0.08948831781744956,0.89375,0.16046264388859272,0.8264
1,830,0.11557858362793923,0.875,0.09908882983326912,0.897
1,840,0.19663306176662446,0.7625,0.18129328364133834,0.7638
1,850,0.11008596122264862,0.875,0.10683031749427319,0.8894
1,860,0.11708021461963654,0.9,0.12298267124891281,0.8528
1,870,0.11290459334850311,0.85625,0.08949946234822273,0.9032
1,880,0.07053427174687385,0.925,0.09556725495457649,0.8916
1,890,0.09434024151414633,0.90625,0.08912478724122047,0.9056
1,900,0.11466884985566139,0.88125,0.08661496537923813,0.9112
1,910,0.11209443360567092,0.88125,0.220111039185524,0.7076
1,920,0.1338322751224041,0.85625,0.08990773965120316,0.9064
1,930,0.1271575216203928,0.85625,0.08705099836587905,0.9108
1,940,0.08280219323933125,0.925,0.11923006019592285,0.8554
1,950,0.1164876252412796,0.8625,0.09187803625911474,0.9026
1,960,0.080050752684474,0.90625,0.08619564565420151,0.9146
1,970,0.09884105101227761,0.90625,0.08811663841605187,0.9118
1,980,0.06325621977448463,0.95,0.10521047288179397,0.8844
1,990,0.11152996458113193,0.875,0.10333380206227302,0.8828
1,1000,0.10564561188220978,0.85625,0.08201444264948368,0.912
1,1010,0.1330791799351573,0.875,0.1042719929754734,0.8826
1,1020,0.15232185646891594,0.81875,0.0893601496219635,0.9114
1,1030,0.09858044590801,0.9,0.09544762611985207,0.8966
1,1040,0.10870921779423952,0.8875,0.14116846508979797,0.816
1,1050,0.1462188944220543,0.8125,0.13296882466077806,0.848
1,1060,0.18780570067465305,0.76875,0.10475809621810914,0.8834
1,1070,0.09433742202818393,0.91875,0.1186221875667572,0.8556
1,1080,0.08192516639828681,0.94375,0.07298126835227013,0.933
1,1090,0.09504833705723285,0.90625,0.07846535864770413,0.9212
1,1100,0.10299963708966971,0.86875,0.07184930308759213,0.9316
1,1110,0.084551508910954,0.90625,0.11023175370693207,0.869
1,1120,0.10505717201158404,0.91875,0.08000797402262688,0.9202
1,1130,0.07366047985851765,0.89375,0.07231789172291755,0.9352
1,1140,0.07300481498241425,0.925,0.06866146364212036,0.9404
1,1150,0.06643126793205738,0.925,0.08676993879079818,0.9078
1,1160,0.19543734565377235,0.7875,0.2008336786031723,0.7234
1,1170,0.16652535498142243,0.8,0.180197509598732,0.7908
1,1180,0.10216913800686597,0.9,0.07857517229020596,0.9288
1,1190,0.09744493290781975,0.91875,0.07426793526411056,0.9296
1,1200,0.07770612686872483,0.9375,0.06698606593310832,0.9356
1,1210,0.08165856450796127,0.91875,0.06615999106764793,0.9372
1,1220,0.08624257333576679,0.91875,0.0956863724410534,0.8964
1,1230,0.07751912623643875,0.9375,0.07133786363601685,0.9328
1,1240,0.11485790349543094,0.86875,0.06932188196182251,0.9352
1,1250,0.19797686524689198,0.79375,0.07229709507226945,0.9314
1,1260,0.17687078043818474,0.8125,0.1699217407345772,0.7978
1,1270,0.08394933249801398,0.89375,0.09049835401773453,0.9092
1,1280,0.12289660722017288,0.8625,0.10263701463341712,0.882
1,1290,0.17099983096122742,0.79375,0.08437761307358742,0.9162
1,1300,0.14649194069206714,0.83125,0.07899395885467529,0.9298
1,1310,0.09672738015651702,0.91875,0.08748113511204719,0.9026
1,1320,0.07042091712355614,0.95,0.07723514845967293,0.9256
1,1330,0.08737141378223896,0.91875,0.11351502732038497,0.8752
1,1340,0.08010851629078389,0.90625,0.10648898708820342,0.8746
1,1350,0.09008614085614682,0.90625,0.07220275842249393,0.9322
1,1360,0.10497203767299652,0.89375,0.07318383458256722,0.9308
1,1370,0.16226872131228448,0.8125,0.25831206252574923,0.6392
1,1380,0.1412532590329647,0.81875,0.09447548622190953,0.8984
1,1390,0.12804729044437407,0.86875,0.07220307370424271,0.9334
1,1400,0.06622976176440716,0.94375,0.07494416914582253,0.9298
1,1410,0.06740267537534236,0.94375,0.06414700773656368,0.9426
1,1420,0.08775103222578765,0.89375,0.09723717570900917,0.8928
1,1430,0.1455654013901949,0.85625,0.10702656331062317,0.8754
1,1440,0.1848279010504484,0.8,0.2666494113206863,0.6828
1,1450,0.17915088608860968,0.78125,0.1006895150244236,0.8842
1,1460,0.08513388484716415,0.8875,0.07836630125939846,0.924
1,1470,0.09725120738148689,0.90625,0.07897849806845188,0.9222
1,1480,0.07450707592070102,0.93125,0.06571135877668857,0.942
1,1490,0.09758011624217033,0.89375,0.07984043515920639,0.916
1,1500,0.08793777674436569,0.925,0.14401903306245803,0.8138
1,1510,0.09383604172617196,0.8875,0.09991692781448364,0.89
1,1520,0.10626718439161778,0.8875,0.06686931060254574,0.9396
1,1530,0.07204258851706982,0.9375,0.08372886139750481,0.9132
1,1540,0.06922951750457287,0.93125,0.06415251149237156,0.9404
1,1550,0.07394377272576094,0.9125,0.06381960704624653,0.9444
1,1560,0.0772309061139822,0.925,0.07021415363550186,0.9318
1,1570,0.06606329269707203,0.9375,0.06420361779928208,0.9408
1,1580,0.08347348012030124,0.925,0.06263034458756447,0.9438
1,1590,0.07820366472005844,0.9125,0.0590588186621666,0.9476
1,1600,0.103157152608037,0.90625,0.07240748560726643,0.9272
1,1610,0.0804758763872087,0.9125,0.14691164433956147,0.7998
1,1620,0.08601014725863934,0.9,0.056768881645798686,0.9506
1,1630,0.08384503126144409,0.925,0.07469896323978902,0.9232
1,1640,0.1219842106103897,0.85625,0.11542933400273322,0.8662
1,1650,0.12854609526693822,0.86875,0.07463690885901451,0.9254
1,1660,0.08984135296195746,0.9,0.05698859899491072,0.9502
1,1670,0.056225175969302654,0.95625,0.06487161434292793,0.9396
1,1680,0.08590603303164243,0.9125,0.15302848502397537,0.7904
1,1690,0.0809686778113246,0.90625,0.05538313823789358,0.9578
1,1700,0.07457606736570596,0.9375,0.06979853197932244,0.9362
1,1710,0.05194329842925072,0.95625,0.05531354124546051,0.9548
1,1720,0.0763668904080987,0.93125,0.0563575429931283,0.9576
1,1730,0.10089508518576622,0.8875,0.12167545775175094,0.853
1,1740,0.15797266960144044,0.8375,0.13743834803104402,0.8254
1,1750,0.08661473467946053,0.90625,0.05667219560146332,0.9554
1,1760,0.05261930953711271,0.9625,0.06468577700257301,0.9454
1,1770,0.05242339670658112,0.9375,0.058777420565485954,0.9518
1,1780,0.05719507113099098,0.94375,0.051774680113792416,0.9596
1,1790,0.05270942207425833,0.95625,0.06728070487827062,0.9368
1,1800,0.0830221101641655,0.95,0.08027733603715896,0.924
1,1810,0.0678282018750906,0.93125,0.0512506471067667,0.9582
1,1820,0.04489988423883915,0.95,0.06617628874778747,0.9414
1,1830,0.05443218592554331,0.95625,0.11022449083328247,0.8724
1,1840,0.06634513027966023,0.93125,0.05187563360333443,0.96
1,1850,0.06939711086452008,0.91875,0.05707575608491897,0.947
1,1860,0.0551512511447072,0.93125,0.05523126145899296,0.9578
1,1870,0.08168938159942626,0.93125,0.05446852140724659,0.9534
1,1880,0.08815223909914494,0.91875,0.06775422308444977,0.9394
1,1890,0.10756347794085741,0.88125,0.09053058579564094,0.8988
1,1900,0.08821369353681803,0.9,0.06920548195242882,0.9316
1,1910,0.08422758243978024,0.9125,0.07511174817681313,0.9298
1,1920,0.07512966990470886,0.9125,0.05251335183084011,0.9572
1,1930,0.06211471296846867,0.93125,0.05301214988231659,0.9572
1,1940,0.05825628102757037,0.9375,0.08350758132338523,0.9158
1,1950,0.07210606709122658,0.925,0.0706945850417018,0.9326
1,1960,0.12314289659261704,0.875,0.10705538563728333,0.8736
1,1970,0.076298507489264,0.91875,0.05073198909312487,0.9586
1,1980,0.06224516145884991,0.9375,0.04949707979559898,0.9616
1,1990,0.07178070079535245,0.925,0.07487745897173881,0.9212
1,2000,0.06441758014261723,0.925,0.05400407704114914,0.9508
1,2010,0.10333415493369102,0.88125,0.06364103430509567,0.946
1,2020,0.09231450650840997,0.9125,0.056848140701651576,0.9488
1,2030,0.10514086671173573,0.88125,0.05258079799115658,0.9534
1,2040,0.12729473300278188,0.825,0.060636762830615046,0.9464
1,2050,0.044245770946145055,0.98125,0.05158323434889316,0.9562
1,2060,0.060951554030179975,0.9625,0.051588947016000745,0.9578
1,2070,0.062219389528036115,0.9375,0.09016018662750722,0.9034
1,2080,0.0601978475227952,0.95625,0.06500321919620038,0.9392
1,2090,0.03424576409161091,1.0,0.04557035119086504,0.9656
1,2100,0.049304661247879265,0.94375,0.04550053045004606,0.9646
1,2110,0.04638075027614832,0.95625,0.04842315651625395,0.9584
1,2120,0.06024947911500931,0.94375,0.04929974537193775,0.9646
1,2130,0.051409241184592246,0.96875,0.04938004135787487,0.957
1,2140,0.05841801464557648,0.95625,0.0430508206859231,0.9684
1,2150,0.06530010849237441,0.9625,0.05060541154146195,0.9614
1,2160,0.046958705969154836,0.975,0.04438641794770956,0.967
1,2170,0.04699246976524592,0.9875,0.052098339477181434,0.9536
1,2180,0.07986881621181965,0.94375,0.07427064531445503,0.9334
2,10,0.06115286909043789,0.9375,0.1034236479640007,0.8876
2,20,0.05357804708182812,0.95,0.04526221553981304,0.9656
2,30,0.06001990213990212,0.95625,0.05640354354977608,0.957
2,40,0.08525257408618928,0.925,0.057471715867519375,0.9592
2,50,0.056502378545701504,0.95,0.05302514597177505,0.9566
2,60,0.07074158322066068,0.93125,0.13089217509031295,0.8446
2,70,0.07694312203675509,0.91875,0.09318593645095825,0.9012
2,80,0.067574043571949,0.94375,0.05992723211497068,0.944
2,90,0.04766204357147217,0.96875,0.05027222554087639,0.9602
2,100,0.05124835669994354,0.95625,0.05568872599452734,0.948
2,110,0.05215740399435163,0.95625,0.04865067766457796,0.9646
2,120,0.051580165326595304,0.94375,0.047771684557199476,0.9606
2,130,0.041997237224131824,0.98125,0.044020016238093373,0.9672
2,140,0.04099705386906862,0.9625,0.042821432134509084,0.9682
2,150,0.04184948559850454,0.96875,0.04223200834244489,0.972
2,160,0.03866493478417397,0.975,0.04365808507502079,0.9648
2,170,0.0675773287191987,0.94375,0.06583589523285627,0.93
2,180,0.06758946664631367,0.93125,0.08493597504496575,0.9148
2,190,0.050249427929520606,0.95,0.04595735259056091,0.9652
2,200,0.06438523139804601,0.9375,0.04673393980115652,0.964
2,210,0.07290049158036709,0.93125,0.05220802739262581,0.9532
2,220,0.043304041028022766,0.98125,0.04748499408662319,0.9624
2,230,0.06494871694594621,0.925,0.07493942953646184,0.9274
2,240,0.04740896634757519,0.96875,0.0893777638554573,0.9008
2,250,0.05847040191292763,0.95,0.046287484487891196,0.9676
2,260,0.08900735285133124,0.925,0.0701841042816639,0.9418
2,270,0.06863692030310631,0.925,0.08733152238726616,0.9064
2,280,0.09212245009839534,0.925,0.13246130213737486,0.8216
2,290,0.06974165514111519,0.9375,0.06139218227267265,0.9398
2,300,0.060187547281384465,0.95,0.04668737343549728,0.9652
2,310,0.05176536850631237,0.95,0.04310002531111241,0.9688
2,320,0.06413420336320996,0.93125,0.06695731932520867,0.9352
2,330,0.054601104371249674,0.95,0.057151818734407424,0.9542
2,340,0.06546319574117661,0.94375,0.12955872420072556,0.8438
2,350,0.13270179070532323,0.85,0.07121647262573243,0.9342
2,360,0.09974279142916202,0.875,0.06594864613115788,0.942
2,370,0.056610319204628466,0.9625,0.05884545730650425,0.9472
2,380,0.045510038267821074,0.975,0.07507137760519982,0.9242
2,390,0.062248609215021136,0.9375,0.04437806971073151,0.9688
2,400,0.048253541439771654,0.975,0.06829462350904941,0.9344
2,410,0.12030560374259949,0.85625,0.06713553597331047,0.935
2,420,0.05338975042104721,0.9625,0.04439372583031655,0.9688
2,430,0.042980757728219035,0.9625,0.04672540361583233,0.9682
2,440,0.04370595254004002,0.96875,0.043418639761209486,0.9708
2,450,0.05306729581207037,0.95,0.0402231948107481,0.9716
2,460,0.04096804484724999,0.975,0.055243431669473646,0.9522
2,470,0.0335464671254158,0.975,0.04111972053349018,0.9732
2,480,0.034052382688969374,0.99375,0.04196413449048996,0.9692
2,490,0.04362415820360184,0.98125,0.038934756246209144,0.9724
2,500,0.03601551279425621,0.96875,0.041911926445364955,0.9684
2,510,0.04527735859155655,0.95625,0.04057158055379987,0.9726
2,520,0.05205438807606697,0.95,0.05169892171919346,0.9652
2,530,0.042688171938061716,0.975,0.0746999770462513,0.9248
2,540,0.05020264387130737,0.95625,0.043776786470413206,0.9702
2,550,0.04660260118544102,0.95625,0.04008696447312832,0.9746
2,560,0.03968980610370636,0.975,0.04702505820393562,0.9584
2,570,0.07535124011337757,0.94375,0.07688039068579673,0.926
2,580,0.10174490939825773,0.8875,0.10096076006293297,0.8868
2,590,0.10055908411741257,0.88125,0.10715496490001679,0.8698
2,600,0.07471238691359758,0.9125,0.12570847810506822,0.8498
2,610,0.0966090451925993,0.90625,0.05943057873249054,0.9568
2,620,0.0746921606361866,0.925,0.08443683838844299,0.9102
2,630,0.09380458854138851,0.91875,0.1745529555082321,0.7624
2,640,0.0886622010730207,0.925,0.15245965510606765,0.8086
2,650,0.13601335808634757,0.825,0.0817340172380209,0.9178
2,660,0.10043305587023496,0.9,0.057305355954170224,0.9504
2,670,0.06823808997869492,0.94375,0.09790451104044914,0.885
2,680,0.06692594587802887,0.93125,0.06148859986662865,0.9516
2,690,0.05831846371293068,0.95625,0.07654514579772949,0.9206
2,700,0.054955980740487576,0.9625,0.059507894262671474,0.9512
2,710,0.06626542378216982,0.93125,0.08135841729640961,0.9178
2,720,0.05457263737916947,0.94375,0.08085647614002228,0.9156
2,730,0.0711198017001152,0.925,0.20899538776874543,0.723
2,740,0.06893544699996709,0.94375,0.11226222460269927,0.863
2,750,0.0714636405929923,0.91875,0.08282188886404038,0.9082
2,760,0.06275888364762068,0.93125,0.12104486606121063,0.85
2,770,0.07282727472484112,0.9125,0.07999664455354213,0.9152
2,780,0.06357950177043677,0.95,0.1226834886431694,0.8494
2,790,0.09023304991424083,0.89375,0.05590277970433235,0.9502
2,800,0.038185187801718715,0.98125,0.04211943553686142,0.9724
2,810,0.04602452032268047,0.975,0.04396579850763083,0.9642
2,820,0.048150085285305975,0.975,0.04199157467037439,0.9684
2,830,0.051020296011120084,0.95625,0.07747547634840012,0.9318
2,840,0.06695599816739559,0.925,0.04517401174008846,0.9706
2,850,0.05206899549812079,0.95625,0.04448258145898581,0.9716
2,860,0.07247837278991938,0.93125,0.11872722114920616,0.858
2,870,0.08252939060330391,0.90625,0.046619353783130646,0.973
2,880,0.0574886791408062,0.9375,0.0873373880982399,0.906
2,890,0.0627838782966137,0.94375,0.03802850356996059,0.9756
2,900,0.04408740475773811,0.96875,0.041046283730864525,0.9734
2,910,0.09746768213808536,0.90625,0.10282696073651314,0.8702
2,920,0.0876384649425745,0.9,0.053983224752545356,0.9528
2,930,0.05870241206139326,0.94375,0.07047922739982605,0.9376
2,940,0.06961625944823027,0.94375,0.08560598651766776,0.9072
2,950,0.09497553259134292,0.88125,0.09845880233049392,0.8922
2,960,0.10580978617072105,0.88125,0.0526165461987257,0.9556
2,970,0.07598206289112568,0.9375,0.053191414456069466,0.9606
2,980,0.12211476508527994,0.8375,0.09654242979288101,0.8934
2,990,0.10912928320467472,0.85625,0.048340692335367204,0.9646
2,1000,0.056906691007316115,0.95625,0.04918734023571014,0.9638
2,1010,0.046961418353021145,0.96875,0.046624767988920214,0.967
2,1020,0.043841144628822805,0.96875,0.050267142018675805,0.9594
2,1030,0.06895017884671688,0.93125,0.046326647734642026,0.9652
2,1040,0.05045345984399319,0.96875,0.058755124068260195,0.9484
2,1050,0.029178415425121784,1.0,0.03850203752368689,0.974
2,1060,0.04701388869434595,0.94375,0.03991397827267647,0.9744
2,1070,0.046108259726315735,0.96875,0.04177696679234505,0.9732
2,1080,0.054589731991291045,0.94375,0.04667759792804718,0.9652
2,1090,0.04796979408711195,0.96875,0.034859288975596425,0.979
2,1100,0.0879983264952898,0.90625,0.04121529368758202,0.9678
2,1110,0.044442103058099744,0.9625,0.04139332509040833,0.9694
2,1120,0.03815603610128164,0.9875,0.04159346933960915,0.9728
2,1130,0.04704189393669367,0.975,0.044156733210384845,0.9656
2,1140,0.04450424928218126,0.96875,0.03624257393479347,0.974
2,1150,0.034886387549340724,0.98125,0.04794349555075168,0.9732
2,1160,0.04177712351083755,0.96875,0.05684373911321163,0.9468
2,1170,0.042367811501026156,0.96875,0.038861728711426256,0.971
2,1180,0.042962276935577394,0.9625,0.04134293021559715,0.9666
2,1190,0.04547205660492182,0.96875,0.05873537028729916,0.948
2,1200,0.046695461589843036,0.95625,0.08081986085176468,0.9218
2,1210,0.04053518744185567,0.975,0.03880854788124561,0.9756
2,1220,0.0422053400427103,0.9625,0.06938132417798042,0.9394
2,1230,0.06866938937455416,0.9125,0.05509479376077652,0.951
2,1240,0.1012428194284439,0.88125,0.04611523594260216,0.965
2,1250,0.0672928310930729,0.9375,0.055903450536727906,0.949
2,1260,0.04306832142174244,0.975,0.05172945988327265,0.962
2,1270,0.04345335215330124,0.96875,0.04742921413481235,0.9636
2,1280,0.04563522171229124,0.9875,0.03612716017961502,0.9754
2,1290,0.0402000455185771,0.975,0.07221634965538978,0.936
2,1300,0.050264396145939826,0.96875,0.03529058274179697,0.9792
2,1310,0.04353300556540489,0.9625,0.04429746050909161,0.9738
2,1320,0.042584638297557834,0.96875,0.049798270045220853,0.957
2,1330,0.04996757879853249,0.95625,0.03914608791768551,0.9742
2,1340,0.0682643048465252,0.91875,0.16021713979244231,0.8
2,1350,0.07469868548214435,0.93125,0.057159570118784905,0.9544
2,1360,0.040021664649248126,0.975,0.08757511145472527,0.9052
2,1370,0.0561274478211999,0.95,0.05157786544859409,0.9628
2,1380,0.04635409954935312,0.95625,0.050828419215977194,0.9582
2,1390,0.06665377207100391,0.9375,0.036676972138881686,0.9766
2,1400,0.06656712535768747,0.9375,0.03731667438298464,0.9748
2,1410,0.044788365811109544,0.975,0.04056916526705027,0.9698
2,1420,0.0460659759119153,0.98125,0.04626246851533651,0.9632
2,1430,0.05697124395519495,0.95625,0.047100555194914344,0.9638
2,1440,0.048189861699938774,0.9625,0.038583115626871584,0.9736
2,1450,0.04004170838743448,0.975,0.034737946614623066,0.9778
2,1460,0.03983729761093855,0.96875,0.03469565621912479,0.9774
2,1470,0.05407111365348101,0.95625,0.12421801608800888,0.8486
2,1480,0.07359957918524743,0.93125,0.04971602023243904,0.97
2,1490,0.06146219000220299,0.95625,0.04696393560767174,0.969
2,1500,0.06681072115898132,0.9375,0.04226150757521391,0.9664
2,1510,0.0438347352668643,0.98125,0.11426908169984817,0.8616
2,1520,0.16323792487382888,0.8125,0.17325934180021285,0.7778
2,1530,0.10129785686731338,0.875,0.18352166386842728,0.7456
2,1540,0.08995498083531857,0.9125,0.0886778710782528,0.9098
2,1550,0.07220524922013283,0.91875,0.04482347844541073,0.9674
2,1560,0.0700984936207533,0.9125,0.04480940594375134,0.966
2,1570,0.05199135728180408,0.96875,0.04585471808314323,0.9682
2,1580,0.052816401422023776,0.95625,0.047771476155519486,0.9692
2,1590,0.04945717044174671,0.9625,0.04077429867386818,0.9748
2,1600,0.030824349261820316,0.9875,0.05824770936220884,0.9496
2,1610,0.04732514303177595,0.95625,0.05096719916462898,0.9634
2,1620,0.03246503379195929,0.9875,0.04779008986055851,0.9646
2,1630,0.03901362493634224,0.99375,0.04839564352333545,0.966
2,1640,0.047931626252830026,0.95625,0.037796765857934955,0.9736
2,1650,0.04551102956756949,0.975,0.03972599694132805,0.9676
2,1660,0.04502448048442602,0.975,0.03875145389288664,0.972
2,1670,0.03826635833829641,0.96875,0.05294909425675869,0.9596
2,1680,0.03369477586820722,0.98125,0.03408190412968397,0.9792
2,1690,0.032066481187939644,0.975,0.03389704494774341,0.9782
2,1700,0.0365653146058321,0.98125,0.04477907195091248,0.9724
2,1710,0.041376153007149696,0.9625,0.04584912715256214,0.9628
2,1720,0.04334210231900215,0.95625,0.050736608299613,0.9642
2,1730,0.047098465636372565,0.95,0.04837284772694111,0.9618
2,1740,0.04528178162872791,0.96875,0.0416491865158081,0.9756
2,1750,0.04817529544234276,0.9875,0.0343833718970418,0.9788
2,1760,0.06314533483237028,0.96875,0.16489754722118377,0.784
2,1770,0.1337637012824416,0.84375,0.22189303059577942,0.6762
2,1780,0.6271279975771904,0.45,0.16130211246013643,0.8354
2,1790,0.3095498770475388,0.69375,0.42406050384044647,0.5586
2,1800,0.29469444006681444,0.65,0.28375020084381103,0.6326
2,1810,0.33394036442041397,0.69375,0.4256582364559174,0.5596
2,1820,0.5977165967226028,0.5875,0.6183474048137665,0.4912
2,1830,0.3613883122801781,0.59375,0.14096164114475251,0.8352
2,1840,0.13673979565501213,0.83125,0.1392930255174637,0.8284
2,1850,0.13187412396073342,0.81875,0.11606359463632107,0.8658
2,1860,0.08207448869943619,0.90625,0.08365043953955173,0.914
2,1870,0.18003711849451065,0.78125,0.10050054237246514,0.8862
2,1880,0.21615862362086774,0.73125,0.07717744007110595,0.925
2,1890,0.19425095692276956,0.775,0.12118494560718536,0.862
2,1900,0.1054466761648655,0.85,0.06990729629397392,0.9384
2,1910,0.06548576913774014,0.94375,0.08619185991883278,0.9054
2,1920,0.07819962687790394,0.91875,0.05628427187502384,0.9534
2,1930,0.12540062330663204,0.85,0.16047429839372634,0.7894
2,1940,0.1132195807993412,0.875,0.10408242991864682,0.882
2,1950,0.109657883644104,0.8875,0.0848136759698391,0.916
2,1960,0.07433182634413242,0.94375,0.0991673670232296,0.8894
2,1970,0.07516705263406039,0.93125,0.07499732287526131,0.925
2,1980,0.05891695879399776,0.95,0.06214802082180977,0.9426
2,1990,0.047790071181952956,0.9625,0.07287474741339683,0.9316
2,2000,0.06684365281835199,0.925,0.09518745523691177,0.895
2,2010,0.07875185571610928,0.9,0.05417180303633213,0.9556
2,2020,0.05948576657101512,0.95,0.04854606766402721,0.966
2,2030,0.06905705630779266,0.95625,0.05284114600718021,0.9616
2,2040,0.061811283230781555,0.95625,0.10097742424607277,0.882
2,2050,0.04361012019217014,0.975,0.05380250937044621,0.9574
2,2060,0.05386720113456249,0.9625,0.07131527097225189,0.935
2,2070,0.05274325553327799,0.95625,0.04186387864500284,0.9726
2,2080,0.0572664444334805,0.94375,0.05081795516908169,0.9572
2,2090,0.03409656547009945,0.9875,0.057420300203561786,0.9566
2,2100,0.06976696737110614,0.93125,0.041335598427057266,0.969
2,2110,0.04949569571763277,0.95,0.053950440114736556,0.9524
2,2120,0.05878364983946085,0.95625,0.09433106718063354,0.8954
2,2130,0.06075925230979919,0.94375,0.07135136613249779,0.9288
2,2140,0.05631477106362581,0.95625,0.03925921981483698,0.9724
2,2150,0.05785717479884624,0.95625,0.04914256570935249,0.9606
2,2160,0.03479260066524148,0.98125,0.04084364687204361,0.9712
2,2170,0.0297891017049551,0.98125,0.03828066962659359,0.9748
2,2180,0.07657886445522308,0.93125,0.05831747473776341,0.95
3,10,0.061055033653974536,0.94375,0.05725091416835785,0.9494
3,20,0.067905337177217,0.95,0.04938096886575222,0.9568
3,30,0.04679349679499865,0.975,0.057835136514902116,0.959
3,40,0.05758046992123127,0.9375,0.038225348547101023,0.974
3,50,0.049899622052907947,0.9625,0.042543073865771296,0.9726
3,60,0.039100755378603934,0.98125,0.04561008469760418,0.9626
3,70,0.06017726920545101,0.95,0.032549047297984364,0.9796
3,80,0.042975653801113366,0.975,0.034200987641513345,0.9788
3,90,0.03198154103010893,0.98125,0.03813385134637356,0.9748
3,100,0.03992881905287504,0.94375,0.11816609429717063,0.856
3,110,0.07201634310185909,0.95625,0.046279465943574905,0.9728
3,120,0.061899655312299726,0.95625,0.05037982867062092,0.967
3,130,0.051736491918563846,0.95625,0.1156506388783455,0.862
3,140,0.04799206666648388,0.975,0.06004329059720039,0.9562
3,150,0.05515887923538685,0.95,0.06417224520146847,0.9394
3,160,0.05020171897485852,0.96875,0.11423857116699218,0.8612
3,170,0.08086235430091619,0.9375,0.04382074237167835,0.969
3,180,0.05112645924091339,0.94375,0.04278986712098121,0.9754
3,190,0.03648644192144275,0.9875,0.08380101712942123,0.9122
3,200,0.0769018279388547,0.89375,0.04725527437776327,0.9622
3,210,0.04539021011441946,0.975,0.03813564007133245,0.9776
3,220,0.0562355937436223,0.96875,0.040698974473774435,0.97
3,230,0.040188940800726415,0.975,0.04323058316409588,0.9696
3,240,0.05537248719483614,0.95,0.034081015381217,0.981
3,250,0.042552229948341846,0.96875,0.03883373114168644,0.975
3,260,0.03171955496072769,0.98125,0.03385075453519821,0.9802
3,270,0.03967191064730287,0.98125,0.03790685464143753,0.978
3,280,0.04039521515369415,0.975,0.03300659875869751,0.9792
3,290,0.05372808827087283,0.96875,0.07134547135829926,0.9448
3,300,0.12020188849419355,0.85,0.16754650576114655,0.7824
3,310,0.12290954627096654,0.84375,0.07094195342957973,0.9266
3,320,0.07717633545398712,0.91875,0.052844727796316146,0.9608
3,330,0.06791005246341228,0.925,0.04061106688678265,0.9756
3,340,0.059989487193524836,0.95625,0.0738385977268219,0.9294
3,350,0.04105523731559515,0.96875,0.05739322324544192,0.9474
3,360,0.038584287464618686,0.975,0.07406192151010037,0.9296
3,370,0.04385965261608362,0.975,0.036494694660604,0.9754
3,380,0.05498742498457432,0.95625,0.06688036069869994,0.9422
3,390,0.05669452641159296,0.95625,0.06441542011499404,0.9424
3,400,0.0676311457529664,0.9125,0.035697402922809124,0.979
3,410,0.04387640282511711,0.95,0.035139819426834584,0.9796
3,420,0.03635524995625019,0.9875,0.04218797076642513,0.97
3,430,0.031255952641367914,0.98125,0.03482187712714076,0.9774
3,440,0.03000400085002184,0.99375,0.03385058517307043,0.979
3,450,0.050830403342843056,0.94375,0.03141658774912357,0.9806
3,460,0.05334389619529247,0.94375,0.055428202614188196,0.9624
3,470,0.05548202628269792,0.95,0.03569058048501611,0.9774
3,480,0.04472191673703492,0.96875,0.03798956465423107,0.9808
3,490,0.05017019463703036,0.95625,0.03717417068034411,0.979
3,500,0.02467876337468624,0.99375,0.04844996021538973,0.9636
3,510,0.0709806827828288,0.94375,0.03180981731712818,0.9822
3,520,0.055031112767755984,0.95625,0.05254571695625782,0.957
3,530,0.060195372253656385,0.95625,0.08750472577810288,0.917
3,540,0.053532769717276094,0.95,0.04741712622344494,0.9592
3,550,0.06391284987330437,0.925,0.03358564213067293,0.9802
3,560,0.03370444774627686,0.98125,0.05555349827706814,0.9568
3,570,0.03448442369699478,0.9625,0.03642238548696041,0.9734
3,580,0.029850849229842425,0.99375,0.033977626568079,0.9802
3,590,0.04189320765435696,0.9625,0.05358575679659843,0.9622
3,600,0.036866923421621324,0.975,0.033596655026078226,0.981
3,610,0.037404114939272405,0.96875,0.03281283818483353,0.9826
3,620,0.030379481613636017,0.9875,0.037792848940193656,0.9738
3,630,0.025617253314703704,0.98125,0.03059083838015795,0.9804
3,640,0.04446140304207802,0.98125,0.032659225203096866,0.983
3,650,0.03752241916954517,0.975,0.04513635202050209,0.965
3,660,0.04089212203398347,0.975,0.06629906985759736,0.943
3,670,0.05373839233070612,0.96875,0.07507088226675987,0.9292
3,680,0.03949941992759705,0.975,0.05214133250117302,0.9696
3,690,0.03870169427245855,0.96875,0.035526442924141886,0.9842
3,700,0.02598604615777731,0.9875,0.03257396689653397,0.9816
3,710,0.026569906622171402,0.98125,0.03872462533265352,0.974
3,720,0.029120882414281367,1.0,0.045146479484438895,0.9684
3,730,0.03376811137422919,0.98125,0.03326276127919555,0.977
3,740,0.031127509474754334,0.99375,0.03515547850430012,0.9832
3,750,0.020002724416553975,1.0,0.035937865820527076,0.974
3,760,0.040569863840937616,0.975,0.03546822444647551,0.9804
3,770,0.04815204292535782,0.95,0.028840208199620247,0.9844
3,780,0.03621762078255415,0.99375,0.03556854892522097,0.9828
3,790,0.03845389001071453,0.975,0.02876532587260008,0.984
3,800,0.040340038295835254,0.9625,0.04739894588440657,0.9674
3,810,0.0803542297333479,0.91875,0.05871097021698952,0.9532
3,820,0.07702589891850949,0.93125,0.04104686959981918,0.9726
3,830,0.04755125362426042,0.9625,0.0369283015564084,0.9768
3,840,0.03558320179581642,0.99375,0.04187556099742651,0.9698
3,850,0.049127009324729444,0.95,0.033671192415058615,0.979
3,860,0.053552241437137126,0.9625,0.04324519490599632,0.9666
3,870,0.02698379335924983,0.98125,0.0337583332568407,0.9786
3,880,0.027102515380829573,0.9875,0.036698625622689725,0.9734
3,890,0.022968910308554767,1.0,0.029906355735659598,0.98
3,900,0.028604416642338037,0.99375,0.046334059923887255,0.9694
3,910,0.030930348113179205,0.9875,0.032874385176599026,0.9772
3,920,0.03136846954002977,0.975,0.03765933097749948,0.98
3,930,0.03710897471755743,0.96875,0.029218199480324985,0.981
3,940,0.021259388606995343,0.99375,0.03224085351526737,0.9828
3,950,0.026647976133972406,0.99375,0.04963662201464176,0.9598
3,960,0.04063691552728414,0.9875,0.09086878694295883,0.9096
3,970,0.035365919768810275,0.98125,0.027080068044364452,0.985
3,980,0.0292392885312438,0.98125,0.029983838327229024,0.9844
3,990,0.06955065727233886,0.95,0.04300630589574576,0.966
3,1000,0.045702940225601195,0.9625,0.06685545659661293,0.9444
3,1010,0.06203052494674921,0.93125,0.09215782474279403,0.9
3,1020,0.05745662711560726,0.9625,0.08757707032561302,0.9084
3,1030,0.035182909667491914,0.9875,0.032717834354937074,0.9782
3,1040,0.027715959399938584,0.98125,0.046342420487105844,0.959
3,1050,0.03436365760862827,0.9875,0.13351123710870744,0.8244
3,1060,0.0725356069393456,0.9375,0.07962382452487946,0.9192
3,1070,0.03937408509664238,0.96875,0.03349953688085079,0.9826
3,1080,0.031150135584175585,0.98125,0.05201634773313999,0.9578
3,1090,0.03953892439603805,0.96875,0.03203271562457085,0.9836
3,1100,0.025072658713907004,0.975,0.035222631040215495,0.976
3,1110,0.02543158857151866,0.99375,0.02901392566114664,0.9838
3,1120,0.02576218228787184,0.99375,0.04694660685658455,0.9662
3,1130,0.03799971863627434,0.9875,0.03914299049377441,0.9708
3,1140,0.033336001262068746,0.9875,0.031462742733955384,0.9788
3,1150,0.045875334087759255,0.96875,0.04021067571789026,0.9702
3,1160,0.044513747561722994,0.95625,0.06292503752708435,0.9552
3,1170,0.05121256895363331,0.9625,0.04122260384559631,0.972
3,1180,0.031541286036372185,0.9875,0.03413506892025471,0.9802
3,1190,0.0408709448762238,0.9625,0.030335709826648235,0.9844
3,1200,0.03507542833685875,0.9875,0.045601197576522826,0.9636
3,1210,0.028793610446155072,0.9875,0.030379170763492586,0.9854
3,1220,0.029635402001440526,0.9875,0.04043919060751796,0.9708
3,1230,0.04431195287033916,0.94375,0.028029439549148084,0.9866
3,1240,0.031512238457798956,0.975,0.030367064434289933,0.986
3,1250,0.046151064522564414,0.96875,0.07360919557213784,0.9306
3,1260,0.04694325253367424,0.95625,0.04675218442976475,0.969
3,1270,0.028745754063129424,0.9875,0.05256056043952703,0.9588
3,1280,0.033870363049209117,0.98125,0.032761249440908434,0.9848
3,1290,0.03537807501852512,0.975,0.025049430334568024,0.9866
3,1300,0.023909547738730906,0.9875,0.0286680599629879,0.9858
3,1310,0.02566090552136302,0.98125,0.02792815524339676,0.9842
3,1320,0.03347669118084014,0.98125,0.0737001918822527,0.9326
3,1330,0.07013183142989873,0.925,0.028046284897625447,0.9844
3,1340,0.048291203938424586,0.94375,0.05359837011396885,0.9628
3,1350,0.04916390087455511,0.95625,0.03712491099834442,0.9752
3,1360,0.053333988413214684,0.95625,0.07388656924366951,0.9248
3,1370,0.056100405752658844,0.9625,0.053708835059404374,0.9528
3,1380,0.048933775164186954,0.95625,0.03102348198145628,0.984
3,1390,0.035401837807148694,0.975,0.035706810572743414,0.9764
3,1400,0.03363480493426323,0.975,0.029913673539459704,0.986
3,1410,0.0293808963149786,0.975,0.030181834252178668,0.9812
3,1420,0.021739810798317195,1.0,0.029679824744164945,0.9802
3,1430,0.026988381613045932,0.9875,0.032561049507558344,0.9776
3,1440,0.028112556505948304,0.99375,0.030638856852054596,0.9848
3,1450,0.028967000730335712,0.9875,0.025503967810422183,0.984
3,1460,0.02181957522407174,0.98125,0.028535202704370023,0.9798
3,1470,0.035897000785917045,0.975,0.03145050021708012,0.9836
3,1480,0.04219610877335071,0.9625,0.04083754219263792,0.9714
3,1490,0.02715340331196785,0.9875,0.03632230834364891,0.9818
3,1500,0.03156686602160334,0.975,0.02995233189314604,0.9804
3,1510,0.029606306925415993,0.98125,0.02712081059515476,0.9848
3,1520,0.024830152094364167,0.9875,0.03667081964313984,0.9748
3,1530,0.059718198515474795,0.95,0.0468187388330698,0.9724
3,1540,0.03987370915710926,0.98125,0.02994028708934784,0.9794
3,1550,0.03253666069358587,0.98125,0.02783463622331619,0.9842
3,1560,0.04280120246112347,0.96875,0.07460285176336766,0.9264
3,1570,0.04423181414604187,0.975,0.038346946558356285,0.9816
3,1580,0.03162199817597866,0.99375,0.04005093410313129,0.972
3,1590,0.05673033203929663,0.925,0.03415275640040636,0.9816
3,1600,0.03168741362169385,0.975,0.03385592961907387,0.977
3,1610,0.03100191503763199,0.975,0.03131682413816452,0.982
3,1620,0.02699414067901671,0.975,0.03909306890815496,0.9712
3,1630,0.030690891109406947,0.98125,0.02776998766362667,0.9868
3,1640,0.023204882442951203,0.9875,0.02501581816226244,0.987
3,1650,0.026012537628412248,0.98125,0.02672514348477125,0.9864
3,1660,0.03724971022456884,0.98125,0.04497879309654236,0.9754
3,1670,0.04021876733750105,0.9875,0.03613943624347448,0.9726
3,1680,0.04655680377036333,0.975,0.07247808257341384,0.9334
3,1690,0.07371921502053738,0.925,0.04616373805105686,0.9712
3,1700,0.08056829515844584,0.9125,0.21668345890045165,0.7018
3,1710,0.12927204854786395,0.8375,0.1476297460913658,0.8082
3,1720,0.08116091936826705,0.91875,0.07819806977510452,0.9182
3,1730,0.055442874878644945,0.95,0.03246631650030613,0.9802
3,1740,0.043796752393245694,0.975,0.050328222155570985,0.9616
3,1750,0.04268469149246812,0.975,0.08996593600511552,0.9052
3,1760,0.050498790293931964,0.95,0.05315157751441002,0.9516
3,1770,0.031860798969864844,0.99375,0.0318195545218885,0.9826
3,1780,0.02600555121898651,0.9875,0.04282802660316229,0.9644
3,1790,0.033700975403189656,0.98125,0.032637439739704135,0.9826
3,1800,0.0351853895932436,0.975,0.03992600456476211,0.977
3,1810,0.03296956056728959,0.9875,0.15004022570848466,0.8046
3,1820,0.10194767937064171,0.875,0.10824630525112153,0.8784
3,1830,0.048421092890203,0.9625,0.040917197348177434,0.971
3,1840,0.04909830000251532,0.975,0.05066993895173073,0.9626
3,1850,0.02897989610210061,0.99375,0.03634992790967226,0.9758
3,1860,0.03975735204294324,0.9875,0.04362933930903673,0.9714
3,1870,0.08410522174090147,0.89375,0.06912357584834099,0.9368
3,1880,0.055280310474336146,0.9625,0.03491236701309681,0.9766
3,1890,0.04117194656282663,0.98125,0.04812077523171902,0.9638
3,1900,0.02669171579182148,0.99375,0.032095043973624705,0.983
3,1910,0.030169150792062283,0.9875,0.031102384344488383,0.9808
3,1920,0.022592490073293447,1.0,0.03215929293036461,0.9794
3,1930,0.0411762410774827,0.975,0.0462731667816639,0.9704
3,1940,0.04237107373774052,0.975,0.05612546936869621,0.9502
3,1950,0.048298060335218905,0.96875,0.03301201269626618,0.9858
3,1960,0.03820364149287343,0.975,0.030873749189078807,0.9812
3,1970,0.03353639142587781,0.98125,0.04312215609252453,0.9724
3,1980,0.04358947342261672,0.9625,0.04283758671283722,0.97
3,1990,0.054324649181216954,0.93125,0.05588423038721085,0.9562
3,2000,0.04334689937531948,0.96875,0.04153446524292231,0.977
3,2010,0.03223211111035198,0.99375,0.04427915520071983,0.9756
3,2020,0.03956530001014471,0.96875,0.03354058356136084,0.986
3,2030,0.03067135913297534,0.9875,0.03125139619261026,0.981
3,2040,0.022184656653553247,0.99375,0.02839006959274411,0.983
3,2050,0.03667538901790977,0.9875,0.0345049457013607,0.9816
3,2060,0.024593691620975733,0.99375,0.0337913257881999,0.9782
3,2070,0.04876623563468456,0.9625,0.04467661319971085,0.968
3,2080,0.05537854395806789,0.95,0.028968944746255873,0.9836
3,2090,0.035266713611781596,0.98125,0.030696791887283324,0.9828
3,2100,0.02843467388302088,0.9875,0.05467698853313923,0.9604
3,2110,0.04412779547274113,0.975,0.03947616272717714,0.973
3,2120,0.03936984427273273,0.98125,0.06002190631628036,0.9542
3,2130,0.033031906560063364,0.98125,0.03073195664137602,0.9824
3,2140,0.035756764095276596,0.96875,0.030266511572152377,0.9802
3,2150,0.025889290403574704,0.99375,0.026780511340498924,0.9862
3,2160,0.03311424432322383,0.98125,0.04047021658718586,0.9736
3,2170,0.03408733792603016,0.96875,0.026903267671167852,0.987
3,2180,0.027086673863232137,0.99375,0.028892740501463413,0.9822
